,main_value,main_error,naive_value,naive_error,control_value,control_error,R
0,0.5895499918559125,0.053565592849135577,0.055337971474089385,0.02432995034819028,0.540143099797478,0.054278860893585176,0.10743971012868483
1,0.5895499918559125,0.053565592849135577,0.0615138329813937,0.02564023712819345,0.5555827535657388,0.05411517637136811,0.07643096338566184
2,0.5864620611022604,0.05362646148526547,0.03989831770582859,0.020597377006078072,0.5524948228120866,0.05415218063945075,0.07590356496794336
3,0.6358689531606949,0.05238254557784484,0.055337971474089385,0.02432995034819028,0.5308793075365216,0.05435156834210226,0.22380092652243624
