,main_value,main_error,naive_value,naive_error,control_value,control_error,R
0,0.3919224236221745,0.0531537139549766,0.05225004072043723,0.023640335110265996,0.4042741466367831,0.053437221722146995,0.0
1,0.37957070060756587,0.052834032559772114,0.04298624845948075,0.021406744672573193,0.3980982851294788,0.05329995173879556,0.0
2,0.3919224236221745,0.0531537139549766,0.055337971474089385,0.02432995034819028,0.3980982851294788,0.05329995173879556,0.0
3,0.4042741466367831,0.053437221722146995,0.049162109966785064,0.02292499661448877,0.38883449286852234,0.05307720915171415,0.025262639314720545
