,main_value,main_error,naive_value,naive_error,control_value,control_error,R
0,0.6049896456241733,0.053227958335338374,0.05225004072043723,0.023640335110265996,0.5864620611022604,0.05362646148526547,0.04480262336098376
1,0.6049896456241733,0.053227958335338374,0.04298624845948075,0.021406744672573193,0.5864620611022604,0.05362646148526547,0.04480262336098376
2,0.5957258533632168,0.053437221722146995,0.07077762524235018,0.02745756116390683,0.5679344765803475,0.05394569075629974,0.0643221346681633
3,0.5833741303486082,0.05368512895626061,0.08004141750330664,0.029126502697110056,0.5802861995949561,0.053741602470882645,0.00735722949941627
