,main_value,main_error,naive_value,naive_error,control_value,control_error,R
0,0.0011975805961266127,0.0011975805961266124,0.004938598741655663,0.0032188413265255805,0.0017328678546660473,0.0016479109846871606,0.0
1,0.0011975805961266127,0.0011975805961266124,0.004315095717400822,0.0029795664611397756,0.0017328678546660473,0.0016479109846871606,0.0
2,0.0011975805961266127,0.0011975805961266124,0.0018210836203814544,0.0017107472525952946,0.0017328678546660473,0.0016479109846871606,0.0
3,0.0018210836203814544,0.0017107472525952946,0.002444586644636296,0.0021017246019631214,0.0017328678546660473,0.0016479109846871606,8.836889733695458e-05
