,main_value,main_error,naive_value,naive_error,control_value,control_error,R
0,0.0011975805961266127,0.0011975805961266124,0.0018210836203814544,0.0017107472525952946,0.0011975805961266127,0.0011975805961266124,0.0
1,0.0011975805961266127,0.0011975805961266124,0.0011975805961266127,0.0011975805961266124,0.0011975805961266127,0.0011975805961266124,0.0
2,0.0011975805961266127,0.0011975805961266124,0.0011975805961266127,0.0011975805961266124,0.0011975805961266127,0.0011975805961266124,0.0
3,0.0011975805961266127,0.0011975805961266124,0.0011975805961266127,0.0011975805961266124,0.0011975805961266127,0.0011975805961266124,0.0
