,main_value,main_error,naive_value,naive_error,control_value,control_error,R
0,0.3764827698539137,0.052748384643777436,0.04298624845948075,0.021406744672573193,0.44750517718791333,0.05415218063945075,0.0
1,0.35795518533200077,0.0521855053953566,0.05842590222774154,0.02499597146008751,0.43824138492695686,0.05403473698929745,0.0
2,0.3641310468393051,0.05238254557784484,0.055337971474089385,0.02432995034819028,0.4289775926660004,0.053897926900881576,0.0
3,0.40118621588313097,0.05336970327475813,0.033722456198524285,0.018856605740248868,0.44441724643426117,0.05411517637136811,0.0
